state,page,point,lon,lat
Gujarat,156,1,73.6032,21.115
Gujarat,156,32,73.8176,20.7309
Gujarat,156,2,73.6322,21.1018
Gujarat,156,33,73.8638,20.7539
Gujarat,156,3,73.6505,21.0659
Gujarat,156,34,73.8474,20.7254
Gujarat,156,4,73.625,21.0793
Gujarat,156,35,73.8962,20.743
Gujarat,156,5,73.6069,21.0374
Gujarat,156,36,73.9232,20.7463
Gujarat,156,6,73.6553,21.0406
Gujarat,156,37,73.9075,20.779
Gujarat,156,7,73.7128,21.0508
Gujarat,156,38,73.9067,20.8222
Gujarat,156,8,73.6303,21.0184
Gujarat,156,39,73.6185,21.1326
Gujarat,156,9,73.6174,20.9179
Gujarat,156,40,73.7369,21.0523
Gujarat,156,10,73.6545,20.9095
Gujarat,156,41,73.6563,21.0015
Gujarat,156,11,73.6924,20.8578
Gujarat,156,42,73.6173,20.9957
Gujarat,156,12,73.7185,20.9055
Gujarat,156,43,73.5705,21.0126
Gujarat,156,13,73.725,20.968
Gujarat,156,44,73.5484,21.0285
Gujarat,156,14,73.5147,21.0124
Gujarat,156,45,73.5327,20.9373
Gujarat,156,15,73.5154,20.9491
Gujarat,156,46,73.5063,20.9267
Gujarat,156,16,73.4792,20.9875
Gujarat,156,47,73.5014,20.8211
Gujarat,156,17,73.4447,20.9682
Gujarat,156,48,73.5042,20.856
Gujarat,156,18,73.4826,20.9432
Gujarat,156,49,73.4502,20.8136
Gujarat,156,19,73.5138,20.9101
Gujarat,156,50,73.4769,20.7495
Gujarat,156,20,73.5482,20.9305
Gujarat,156,51,73.4884,20.79
Gujarat,156,21,73.5136,20.8413
Gujarat,156,52,73.7381,21.0018
Gujarat,156,22,73.4317,20.7544
Gujarat,156,53,73.6472,20.9811
Gujarat,156,23,73.4227,20.7929
Gujarat,156,54,73.9282,20.8433
Gujarat,156,24,73.6622,20.6
Gujarat,156,55,73.9318,20.7644
Gujarat,156,25,73.6784,20.6307
Gujarat,156,56,73.94,20.7574
Gujarat,156,26,73.718,20.6179
Gujarat,156,57,73.8786,20.7286
Gujarat,156,27,73.7638,20.6209
Gujarat,156,58,73.8306,20.7035
Gujarat,156,28,73.8108,20.6506
Gujarat,156,59,73.6328,21.1482
Gujarat,156,29,73.7521,20.6693
Gujarat,156,60,73.6676,21.1525
Gujarat,156,30,73.7374,20.7053
Gujarat,156,61,73.7273,20.5759
Gujarat,156,31,73.7607,20.7363
Maharashtra,158,1,74.0058,20.8256
Maharashtra,158,37,73.1944,19.4682
Maharashtra,158,2,74.1064,20.7453
Maharashtra,158,40,73.3863,19.6241
Maharashtra,158,3,74.0194,20.6892
Maharashtra,158,41,73.4258,19.4225
Maharashtra,158,4,74.0191,20.612
Maharashtra,158,42,73.5894,19.4016
Maharashtra,158,5,73.9412,20.6054
Maharashtra,158,43,73.5123,19.2406
Maharashtra,158,6,73.8781,20.5993
Maharashtra,158,44,73.4137,19.068
Maharashtra,158,7,73.8235,20.4918
Maharashtra,158,45,73.3746,18.8911
Maharashtra,158,8,73.9932,20.5268
Maharashtra,158,46,73.3242,18.7207
Maharashtra,158,9,74.0579,20.5785
Maharashtra,158,47,73.2432,18.6505
Maharashtra,158,10,74.053,20.4379
Maharashtra,158,48,73.0729,18.534
Maharashtra,158,11,74.019,20.3664
Maharashtra,158,49,72.987,18.4214
Maharashtra,158,12,73.8978,20.4141
Maharashtra,158,51,73.253,18.4548
Maharashtra,158,13,73.6994,20.4375
Maharashtra,158,52,73.3929,18.3701
Maharashtra,158,14,73.72,20.5541
Maharashtra,158,53,73.3688,18.2641
Maharashtra,158,15,73.6027,20.5913
Maharashtra,158,54,73.4378,18.1272
Maharashtra,158,16,73.5408,20.5605
Maharashtra,158,55,73.5931,18.092
Maharashtra,158,17,73.5606,20.4596
Maharashtra,158,56,73.5066,17.9903
Maharashtra,158,18,73.5139,20.3488
Maharashtra,158,57,73.3683,17.8302
Maharashtra,158,19,73.4652,20.28
Maharashtra,158,58,73.4914,17.6993
Maharashtra,158,20,73.5387,20.2201
Maharashtra,158,59,73.5768,17.5912
Maharashtra,158,21,73.486,20.1581
Maharashtra,158,60,73.5668,17.4195
Maharashtra,158,22,73.3898,20.1504
Maharashtra,158,61,73.5612,17.3075
Maharashtra,158,24,73.3232,19.9966
Maharashtra,158,62,73.6318,17.1219
Maharashtra,158,25,73.2398,20.0314
Maharashtra,158,63,73.6692,16.942
Maharashtra,158,26,73.4839,20.0493
Maharashtra,158,64,73.5789,16.781
Maharashtra,158,27,73.4799,19.9053
Maharashtra,158,65,73.6967,16.664
Maharashtra,158,28,73.5366,19.8061
Maharashtra,158,66,73.6991,16.4548
Maharashtra,158,29,73.5707,19.7128
Maharashtra,158,67,73.7466,16.3661
Maharashtra,158,30,73.1098,20.0325
Maharashtra,158,68,73.6751,16.1957
Maharashtra,158,31,73.043,19.9627
Maharashtra,158,69,73.7503,16.0491
Maharashtra,158,32,73.1282,19.893
Maharashtra,158,70,73.8298,15.8853
Maharashtra,158,33,73.1898,19.7765
Maharashtra,158,71,73.7949,15.7828
Maharashtra,158,34,73.1248,19.6719
Maharashtra,158,72,73.6179,15.9528
Maharashtra,158,35,73.1853,19.6466
Maharashtra,158,73,73.4909,16.2748
Maharashtra,158,36,73.1206,19.5384
Maharashtra,158,74,73.507,16.3905
Maharashtra,159,75,73.6341,16.4554
Maharashtra,159,109,73.768,18.187
Maharashtra,159,76,73.6904,16.3323
Maharashtra,159,110,73.634,18.3107
Maharashtra,159,77,73.6095,16.287
Maharashtra,159,111,73.5707,18.4865
Maharashtra,159,78,73.5076,16.6068
Maharashtra,159,112,73.6273,18.608
Maharashtra,159,79,73.4641,16.5316
Maharashtra,159,113,73.5363,18.7441
Maharashtra,159,80,73.585,16.4986
Maharashtra,159,114,73.661,18.8266
Maharashtra,159,81,73.6308,16.6018
Maharashtra,159,115,73.7288,19.0291
Maharashtra,159,82,73.5247,16.7018
Maharashtra,159,116,73.7184,19.1723
Maharashtra,159,83,73.3717,16.7962
Maharashtra,159,117,73.8576,19.2728
Maharashtra,159,84,73.4256,16.8789
Maharashtra,159,120,73.7481,19.5626
Maharashtra,159,85,73.452,16.9324
Maharashtra,159,121,74.1112,19.8825
Maharashtra,159,86,73.5682,17.0074
Maharashtra,159,123,74.0361,18.2506
Maharashtra,159,87,73.4826,17.2027
Maharashtra,159,124,74.1293,18.2123
Maharashtra,159,88,73.4341,17.3787
Maharashtra,159,125,73.9262,20.8634
Maharashtra,159,89,73.5529,17.4818
Maharashtra,159,127,74.0179,19.2985
Maharashtra,159,90,74.2737,15.8547
Maharashtra,159,128,74.2116,15.7818
Maharashtra,159,91,74.1505,15.9612
Maharashtra,159,129,74.3292,15.7708
Maharashtra,159,92,74.2395,16.0693
Maharashtra,159,131,74.0329,17.0921
Maharashtra,159,93,74.1872,16.1125
Maharashtra,159,132,73.2838,20.1816
Maharashtra,159,94,74.1853,16.2414
Maharashtra,159,133,73.8762,15.7646
Maharashtra,159,95,74.111,16.2907
Maharashtra,159,134,73.2917,18.0346
Maharashtra,159,96,74.0468,16.438
Maharashtra,159,135,73.8744,18.0533
Maharashtra,159,97,73.9774,16.5363
Maharashtra,159,136,73.2079,20.1065
Maharashtra,159,98,74.0095,16.6283
Maharashtra,159,137,73.4285,20.4364
Maharashtra,159,99,73.9938,16.7393
Maharashtra,159,138,73.4266,20.3054
Maharashtra,159,100,73.9498,16.8317
Maharashtra,159,139,73.416,20.2726
Maharashtra,159,101,73.9167,17.0049
Maharashtra,159,140,73.3578,20.1963
Maharashtra,159,102,73.9114,17.2037
Maharashtra,159,141,73.501,20.6588
Maharashtra,159,103,73.9035,17.2977
Maharashtra,159,142,73.6228,20.6055
Maharashtra,159,105,73.907,17.5424
Maharashtra,159,143,73.6677,21.1502
Maharashtra,159,106,73.8982,17.7378
Maharashtra,159,144,73.6165,21.1373
Maharashtra,159,107,73.7499,17.8679
Maharashtra,159,145,73.6692,21.1088
Maharashtra,159,108,73.7291,17.9999
Goa,160,1,74.061,15.6167
Goa,161,2,74.0747,15.585
Goa,161,3,74.0886,15.5509
Goa,161,4,74.082,15.5315
Goa,161,5,74.0956,15.5021
Goa,161,6,74.1345,15.5168
Goa,161,7,74.1222,15.4865
Goa,161,8,74.0765,15.4595
Goa,161,9,74.0736,15.4127
Goa,161,10,74.1451,15.3546
Goa,161,11,74.1572,15.2726
Goa,161,12,74.1658,15.2156
Goa,161,13,74.1222,15.172
Goa,161,14,74.0698,15.1603
Goa,161,15,74.1028,15.1079
Goa,161,16,74.1737,15.0881
Goa,161,17,74.1586,15.0672
Goa,161,18,74.097,15.042
Goa,161,19,74.0633,14.9976
Goa,161,20,74.0904,15.3369
Goa,161,21,74.1355,15.2921
Goa,161,22,74.0895,15.3022
Goa,161,23,74.0471,15.6247
Goa,161,24,74.1187,15.6524
Goa,161,25,74.1191,15.4324
Goa,161,26,74.1723,15.1895
Goa,161,27,74.2903,15.2865
Goa,161,28,74.2845,15.3846
Goa,161,30,74.2842,15.139
Goa,161,31,74.2565,14.9944
Goa,161,32,74.0886,14.8973
Goa,161,33,73.954,15.0733
Goa,161,34,74.0037,15.0992
Goa,161,35,73.9808,15.0539
Goa,161,36,74.0384,14.9855
Goa,161,37,74.1823,15.0414
Goa,161,38,74.1574,15.1446
Goa,161,39,74.1075,15.284
Goa,161,40,74.2832,15.5271
Karnataka,163,1,74.4129,15.6723
Karnataka,163,32,74.7493,13.7269
Karnataka,163,2,74.4876,15.5252
Karnataka,163,33,74.6565,13.8462
Karnataka,163,3,74.6629,15.4352
Karnataka,163,34,74.5589,14.0847
Karnataka,163,4,74.5932,15.2894
Karnataka,163,35,74.5099,14.375
Karnataka,163,5,74.66,15.0722
Karnataka,163,36,74.3415,15.7662
Karnataka,163,6,74.8283,15.1482
Karnataka,163,37,74.1127,14.9139
Karnataka,163,7,74.8796,14.967
Karnataka,163,38,74.4032,14.6117
Karnataka,163,8,74.9464,14.8263
Karnataka,163,39,74.5263,14.2409
Karnataka,163,9,75.011,14.556
Karnataka,163,40,74.4801,14.1365
Karnataka,163,10,74.8652,14.2586
Karnataka,163,41,75.3164,12.4984
Karnataka,163,11,75.4945,14.0639
Karnataka,163,42,75.6327,13.0114
Karnataka,163,12,75.6272,13.7396
Karnataka,163,43,75.7697,12.6816
Karnataka,163,13,75.7526,13.6307
Karnataka,163,44,76.5561,11.8571
Karnataka,163,14,75.8488,13.3619
Karnataka,163,15,75.6886,12.9701
Karnataka,163,46,75.4844,14.1767
Karnataka,163,16,75.7594,12.6417
Karnataka,163,47,75.1941,14.2836
Karnataka,163,17,75.7,12.3889
Karnataka,163,48,74.95,14.396
Karnataka,163,18,75.798,12.1444
Karnataka,163,49,74.9011,15.0293
Karnataka,163,19,76.063,12.1388
Karnataka,163,50,74.6538,15.3973
Karnataka,163,21,75.9291,12.5904
Karnataka,163,51,75.6091,13.7619
Karnataka,163,22,76.0666,12.2477
Karnataka,163,52,75.6079,13.8175
Karnataka,163,23,76.2529,12.1801
Karnataka,163,53,75.8127,13.5053
Karnataka,163,24,76.4395,11.964
Karnataka,163,54,75.8119,13.4009
Karnataka,163,25,76.6229,11.8531
Karnataka,163,55,75.6333,13.1691
Karnataka,163,27,75.4768,12.6429
Karnataka,163,56,75.78,12.4875
Karnataka,163,28,75.4099,12.73
Karnataka,163,57,75.9165,12.388
Karnataka,163,29,75.3231,13.0082
Karnataka,163,58,76.087,11.9669
Karnataka,163,30,75.0113,13.236
Karnataka,163,59,76.8555,11.6903
Karnataka,163,31,74.9341,13.4982
Karnataka,163,60,75.9437,12.8503
Tamil Nadu,165,1,76.3587,11.5908
Tamil Nadu,165,37,77.2622,10.262
Tamil Nadu,165,2,76.484,11.5287
Tamil Nadu,165,38,77.2896,10.231
Tamil Nadu,165,3,76.2936,11.4753
Tamil Nadu,165,39,77.3497,10.2701
Tamil Nadu,165,4,76.4141,11.4403
Tamil Nadu,165,40,77.3928,10.2299
Tamil Nadu,165,5,76.5232,11.3701
Tamil Nadu,165,41,77.4353,10.2976
Tamil Nadu,165,6,76.6616,11.4376
Tamil Nadu,165,42,77.4089,10.3664
Tamil Nadu,165,7,76.7509,11.6147
Tamil Nadu,165,43,77.5377,10.3861
Tamil Nadu,165,8,76.5443,11.6855
Tamil Nadu,165,44,77.5389,10.2938
Tamil Nadu,165,9,76.5505,11.3356
Tamil Nadu,165,45,77.6344,10.2687
Tamil Nadu,165,10,76.8576,11.3275
Tamil Nadu,165,46,77.7063,10.2348
Tamil Nadu,165,11,76.8158,11.2267
Tamil Nadu,165,47,77.7317,10.3423
Tamil Nadu,165,12,76.979,11.3812
Tamil Nadu,165,48,77.7157,10.3833
Tamil Nadu,165,13,76.8468,11.5823
Tamil Nadu,165,49,77.6559,10.4359
Tamil Nadu,165,14,76.8278,11.4419
Tamil Nadu,165,50,77.7524,10.4886
Tamil Nadu,165,15,76.7466,11.5029
Tamil Nadu,165,51,77.8165,10.3799
Tamil Nadu,165,16,77.0007,11.545
Tamil Nadu,165,52,77.7829,10.2681
Tamil Nadu,165,17,76.7311,11.1922
Tamil Nadu,165,53,77.9114,10.2525
Tamil Nadu,165,18,76.7516,11.119
Tamil Nadu,165,54,77.9753,10.1325
Tamil Nadu,165,19,76.8047,11.0562
Tamil Nadu,165,55,78.1257,10.1882
Tamil Nadu,165,20,76.6974,11.2378
Tamil Nadu,165,56,78.0026,10.2859
Tamil Nadu,165,21,76.6218,11.263
Tamil Nadu,165,57,77.6005,10.1977
Tamil Nadu,165,22,76.7846,10.8908
Tamil Nadu,165,58,77.5129,10.2443
Tamil Nadu,165,23,76.7399,10.9689
Tamil Nadu,165,59,77.4065,10.1677
Tamil Nadu,165,24,76.8442,11.0219
Tamil Nadu,165,60,77.4647,10.129
Tamil Nadu,165,25,76.8403,10.5569
Tamil Nadu,165,61,77.4792,10.0654
Tamil Nadu,165,26,76.9277,10.4858
Tamil Nadu,165,62,77.3904,10.0104
Tamil Nadu,165,27,77.0441,10.517
Tamil Nadu,165,63,77.2568,10.0352
Tamil Nadu,165,28,77.0779,10.508
Tamil Nadu,165,64,77.1946,9.6102
Tamil Nadu,165,29,77.0757,10.3926
Tamil Nadu,165,65,77.3288,9.6757
Tamil Nadu,165,30,77.0957,10.3096
Tamil Nadu,165,66,77.4932,9.8542
Tamil Nadu,165,31,76.9054,10.2526
Tamil Nadu,165,67,77.5872,9.7667
Tamil Nadu,165,32,77.0137,10.3166
Tamil Nadu,165,68,77.4037,9.5274
Tamil Nadu,165,33,76.9682,10.3876
Tamil Nadu,165,69,77.4791,9.5639
Tamil Nadu,165,34,76.8399,10.3396
Tamil Nadu,165,70,77.5272,9.6455
Tamil Nadu,165,35,77.1681,10.4634
Tamil Nadu,165,71,77.6318,9.5993
Tamil Nadu,165,36,77.3215,10.4354
Tamil Nadu,165,72,77.5755,9.492
Tamil Nadu,166,73,77.4443,9.4418
Tamil Nadu,166,74,77.4065,9.3953
Tamil Nadu,166,75,77.3412,9.4186
Tamil Nadu,166,76,77.379,9.3137
Tamil Nadu,166,77,77.3457,9.2004
Tamil Nadu,166,78,77.2709,9.2035
Tamil Nadu,166,79,77.3292,9.138
Tamil Nadu,166,80,77.2939,9.076
Tamil Nadu,166,81,77.247,9.0632
Tamil Nadu,166,82,77.2143,9.0252
Tamil Nadu,166,83,77.161,9.0076
Tamil Nadu,166,84,77.1764,8.988
Tamil Nadu,166,85,77.2291,8.9406
Tamil Nadu,166,86,77.3238,8.8819
Tamil Nadu,166,87,77.2808,8.9206
Tamil Nadu,166,88,77.2584,8.878
Tamil Nadu,166,89,77.329,8.772
Tamil Nadu,166,90,77.3955,8.6927
Tamil Nadu,166,91,77.2315,8.6385
Tamil Nadu,166,92,77.494,8.6214
Tamil Nadu,166,93,77.5498,8.6042
Tamil Nadu,166,94,77.34,8.5533
Tamil Nadu,166,95,77.271,8.5808
Tamil Nadu,166,96,77.5213,8.5209
Tamil Nadu,166,97,77.5746,8.4171
Tamil Nadu,166,98,77.4866,8.3937
Tamil Nadu,166,99,77.448,8.4753
Tamil Nadu,166,100,77.3076,8.4547
Tamil Nadu,166,101,77.215,8.5113
Tamil Nadu,166,102,77.2993,8.4024
Tamil Nadu,166,103,77.3391,8.3529
Tamil Nadu,166,104,77.3883,8.303
Tamil Nadu,166,105,77.5358,8.3922
Tamil Nadu,166,106,77.5572,8.2926
Tamil Nadu,166,107,77.5406,8.1984
Tamil Nadu,166,108,77.4718,8.2709
Tamil Nadu,166,109,77.215,8.5113
